fecha,nombre,tipo,hora,descripcion
2026-10-09,Spr. San José vs Cartaginés,partido,20:00,Primera División de Costa Rica · Estadio Puente Piedra
2026-10-10,San Carlos vs Pérez Zeledón,partido,15:00,Primera División de Costa Rica · Estadio Carlos Ugalde Álvarez
2026-10-10,Puntarenas vs Alajuelense,partido,17:00,Primera División de Costa Rica · Estadio Lito Pérez
2026-10-10,Herediano vs San Carlos,partido,20:00,Primera División de Costa Rica · Estadio Carlos Alvarado
2026-10-11,Belén vs Saprissa,partido,17:00,Primera División de Costa Rica · Estadio Rafael Bolaños
2026-10-13,Cartaginés vs Puntarenas,partido,18:00,"Primera División de Costa Rica · Estadio José Rafael ""Fello"" Meza Ivankovich"
2026-10-13,San Carlos vs San Carlos,partido,20:00,Primera División de Costa Rica · Estadio Carlos Ugalde Álvarez
2026-10-14,Pérez Zeledón vs Belén,partido,17:00,Primera División de Costa Rica · Estadio Municipal de Pérez Zeledón
2026-10-14,Alajuelense vs Herediano,partido,20:00,Primera División de Costa Rica · Alejandro Morera Soto
2026-10-15,Saprissa vs Spr. San José,partido,20:00,Primera División de Costa Rica · Estadio Ricardo Saprissa
2026-10-17,San Carlos vs Alajuelense,partido,20:00,Primera División de Costa Rica · Estadio Carlos Ugalde Álvarez
2026-10-18,Cartaginés vs Saprissa,partido,11:00,"Primera División de Costa Rica · Estadio José Rafael ""Fello"" Meza Ivankovich"
2026-10-18,Pérez Zeledón vs Herediano,partido,16:00,Primera División de Costa Rica · Estadio Municipal de Pérez Zeledón
2026-10-19,Spr. San José vs San Carlos,partido,18:00,Primera División de Costa Rica · Estadio Puente Piedra
2026-10-19,Belén vs Puntarenas,partido,20:00,Primera División de Costa Rica · Estadio Ricardo Saprissa
2026-10-23,Puntarenas vs San Carlos,partido,18:00,Primera División de Costa Rica · Estadio Lito Pérez
2026-10-23,Belén vs Spr. San José,partido,20:00,Primera División de Costa Rica · Estadio Ricardo Saprissa
2026-10-24,Alajuelense vs Pérez Zeledón,partido,17:00,Primera División de Costa Rica · Alejandro Morera Soto
2026-10-24,Herediano vs Cartaginés,partido,20:00,Primera División de Costa Rica · Estadio Carlos Alvarado
2026-10-25,San Carlos vs Saprissa,partido,18:00,Primera División de Costa Rica · Estadio Carlos Ugalde Álvarez
2026-10-30,San Carlos vs Belén,partido,18:00,Primera División de Costa Rica · Estadio Carlos Ugalde Álvarez
2026-10-30,Pérez Zeledón vs Puntarenas,partido,20:00,Primera División de Costa Rica · Estadio Municipal de Pérez Zeledón
2026-10-31,Spr. San José vs Herediano,partido,18:00,Primera División de Costa Rica · Estadio Puente Piedra
2026-10-31,Saprissa vs Alajuelense,partido,20:00,Primera División de Costa Rica · Estadio Ricardo Saprissa
2026-11-01,Cartaginés vs San Carlos,partido,11:00,"Primera División de Costa Rica · Estadio José Rafael ""Fello"" Meza Ivankovich"
2026-11-04,Belén vs Alajuelense,partido,15:00,Primera División de Costa Rica
2026-11-04,Herediano vs Saprissa,partido,15:00,Primera División de Costa Rica · Estadio Carlos Alvarado
2026-11-04,Puntarenas vs San Carlos,partido,15:00,Primera División de Costa Rica · Estadio Lito Pérez
2026-11-04,San Carlos vs Cartaginés,partido,15:00,Primera División de Costa Rica · Estadio Carlos Ugalde Álvarez
2026-11-04,Spr. San José vs Pérez Zeledón,partido,15:00,Primera División de Costa Rica · Estadio Puente Piedra
2026-11-08,Alajuelense vs Spr. San José,partido,15:00,Primera División de Costa Rica · Alejandro Morera Soto
2026-11-08,Cartaginés vs Belén,partido,15:00,"Primera División de Costa Rica · Estadio José Rafael ""Fello"" Meza Ivankovich"
2026-11-08,Herediano vs San Carlos,partido,15:00,Primera División de Costa Rica · Estadio Carlos Alvarado
2026-11-08,San Carlos vs Pérez Zeledón,partido,15:00,Primera División de Costa Rica · Estadio Carlos Ugalde Álvarez
2026-11-08,Saprissa vs Puntarenas,partido,15:00,Primera División de Costa Rica · Estadio Ricardo Saprissa
2026-11-22,Alajuelense vs Cartaginés,partido,15:00,Primera División de Costa Rica · Alejandro Morera Soto
2026-11-22,Belén vs San Carlos,partido,15:00,Primera División de Costa Rica
2026-11-22,Pérez Zeledón vs Saprissa,partido,15:00,Primera División de Costa Rica · Estadio Municipal de Pérez Zeledón
2026-11-22,Puntarenas vs Herediano,partido,15:00,Primera División de Costa Rica · Estadio Lito Pérez
2026-11-22,San Carlos vs Spr. San José,partido,15:00,Primera División de Costa Rica · Estadio Carlos Ugalde Álvarez
2026-11-29,Cartaginés vs Pérez Zeledón,partido,15:00,"Primera División de Costa Rica · Estadio José Rafael ""Fello"" Meza Ivankovich"
2026-11-29,Herediano vs Belén,partido,15:00,Primera División de Costa Rica · Estadio Carlos Alvarado
2026-11-29,San Carlos vs Alajuelense,partido,15:00,Primera División de Costa Rica · Estadio Carlos Ugalde Álvarez
2026-11-29,Saprissa vs San Carlos,partido,15:00,Primera División de Costa Rica · Estadio Ricardo Saprissa
2026-11-29,Spr. San José vs Puntarenas,partido,15:00,Primera División de Costa Rica · Estadio Puente Piedra
